id,scenario,text,gt_subject,pred_subject,subject_ok,gt_target,pred_target,target_ok,gt_mechanism,pred_mechanism,mechanism_ok,gt_label,pred_label,label_ok,joint_ok,subject_options,target_options
affection_0001,affection,"hey, baby i'm getting dinner started you gonna help out or just stand there? wtf, srsly?",speaker,speaker,1,partner,partner,1,figurative semantics,socio_cultural dependency,0,disgusted,happy,0,0,speaker | roommate | friend | parent,partner | roommate | friend | child
attitude_0001,attitude,"yeah, yeah, you're good. you got this.",female coworker,man,0,male,listener,0,dominant affiliation,dominant affiliation,1,dismissive,supportive,0,0,female coworker | man | store | customer,male | women | customer | listener
attitude_0002,attitude,me amy. me prep for 5k.,amy,amy,1,own readiness 5k,own readiness 5k,1,dominant detachment,dominant detachment,1,contemptuous,indifferent,0,0,amy | coworker | manager | male coworker,own readiness 5k | amy | conversation topic | current situation
affection_0002,affection,gays on social media: equality! body positivity! love love love! gays in real life: there is no place for her in our social circle,speaker,celebrity,0,gay social media users,entertainment industry insiders,0,multimodal incongruity,socio_cultural dependency,0,disgusted,sad,0,0,speaker | celebrity | actress | model,gay social media users | entertainment industry insiders | red carpet attendees | fashion magazine editors
intent_0001,intent,when your boss calls on your day off oh fuck you're gonna make me come,coworker,coworker,1,manager,manager,1,expressive aggression,prosocial deception,0,dominate,alienate,0,0,coworker | employer | contractor | visitor,manager | phone | schedule | customer
intent_0002,intent,it isn't islamophobia when they really are trying to kill you,speaker,content moderator,0,muslims,muslims,1,expressive aggression,prosocial deception,0,alienate,mitigate,0,0,speaker | content moderator | advertising executive | manager,muslims | immigrants | refugees | terrorists
intent_0003,intent,lawdi what wrong with these cherr'n?,speaker,sarcastic aunt,0,young people,fashion clothes,0,expressive aggression,benevolent provocation,0,denounce,mock,0,0,speaker | parent | sarcastic aunt | scolding neighbor,young people | baby | fashion clothes | youth slang
intent_0004,intent,when he asks you to see your hair,woman,woman,1,partner,hairstylist,0,prosocial deception,prosocial deception,1,alienate,provoke,0,0,woman | customer | neighbor | daughter,partner | hairstylist | friend | mother
attitude_0003,attitude,i don't even know who you're thinking of.,jonah,manager,0,listener,coworker,0,protective distancing,dominant detachment,0,disapproving,indifferent,0,0,jonah | coworker | manager | customer,listener | manager | coworker | conversation topic
attitude_0004,attitude,"look, sayid, sayid, don't worry about it.",mateo,manager,0,sayid,sayid,1,protective distancing,dominant affiliation,0,concerned,supportive,0,0,mateo | manager | coworker | customer,sayid | mateo | glenn | gina
intent_0005,intent,What did you want to show us? Because all I can see is this bitchin van,speaker,speaker,1,presenter,listener,0,expressive aggression,benevolent provocation,0,mock,provoke,0,0,speaker | young people | woman | passerby,presenter | manager | customer | listener
attitude_0005,attitude,when you do a fat rail but you still feel down,speaker,troll commenter,0,drug user,drug user,1,protective distancing,dominant detachment,0,contemptuous,indifferent,0,0,speaker | troll commenter | amused bystander | bystander,drug user | party attendee | photographed model | nightclub dancer
attitude_0006,attitude,"Ross umm, there's something that I've got to tell you, there's-there's someone else.",speaker,speaker,1,ross,ross,1,submissive alignment,dominant detachment,0,skeptical,indifferent,0,0,speaker | partner | friend | ex-partner,ross | rachel | joey | chandler
intent_0006,intent,indian fans in real life indian fans on facebook,speaker,celebrity influencer,0,indian fans,indian fans,1,expressive aggression,expressive aggression,1,denounce,provoke,0,0,speaker | social media marketer | fan club page | celebrity influencer,indian fans | facebook users | online trolls | movie critics
affection_0003,affection,"me, an air force intellectual watching some marines get into a bar fight with some thai tranny hookers",speaker,photographer,0,marines,sex workers,0,socio_cultural dependency,socio_cultural dependency,1,disgusted,angry,0,0,speaker | photographer | bystander | spectator,marines | person | marginalized ethnic group | sex workers
affection_0004,affection,le 40% suicide rate has arrived,speaker,speaker,1,transgender community,transgender community,1,multimodal incongruity,affective deception,0,bad,sad,0,0,speaker | meme | screenshot | photograph,transgender community | dog owners | animal lovers | online users
affection_0005,affection,grandparents be like one little snack before you go home,speaker,speaker,1,grandparents,child,0,figurative semantics,figurative semantics,1,happy,happy,1,0,speaker | aunts | babysitters | neighbors,grandparents | goodbye hugs | fussing every little thing | child
intent_0007,intent,back in my day there were only two genders male and not male,male coworker,male coworker,1,minority group,minority group,1,expressive aggression,benevolent provocation,0,alienate,provoke,0,0,male coworker | customer | experienced external consultant | junior female intern,minority group | older workers | new hires | group members
intent_0008,intent,It's true-- you're both gorgeous. Kind of says something about the man who could bed you both.,speaker,speaker,1,admired couple,listener,0,expressive aggression,prosocial deception,0,mock,mitigate,0,0,speaker | women | man | listener,admired couple | man | other man | listener
intent_0009,intent,a real man loads the dishwasher every night,speaker,blogger,0,male partners,roommates,0,benevolent provocation,benevolent provocation,1,mitigate,provoke,0,0,speaker | digital marketer | blogger | stand-up comedian,male partners | roommates | young adults | women
attitude_0007,attitude,"Stating the obvious, but thank you. And it's not weird is it.",speaker,speaker,1,monica,monica,1,protective distancing,dominant affiliation,0,skeptical,supportive,0,0,speaker | masseuse | friend | event host,monica | man | onlooker | friend's joke
affection_0006,affection,"healthcare is a right and the government should pay for it guns are a right, should the government pay pay for them too?",speaker,speaker,1,government-paid healthcare argument,government-paid healthcare argument,1,multimodal incongruity,socio_cultural dependency,0,angry,angry,1,0,speaker | politician | candidate | campaigner,government-paid healthcare argument | taxpayer-funded firearms argument | question | military spending argument
attitude_0008,attitude,"ever wonder if asians make fun of caucasians? ""look at me, i have peripherar vision. i speak engrish""",speaker,internet troll,0,caucasians,asians,0,dominant detachment,dominant detachment,1,hostile,hostile,1,0,speaker | internet troll | satire account | influencer account,caucasians | asians | immigrants | minority group
attitude_0009,attitude,don't judge me bro! why didn't i let them judge me? now god did!,speaker,speaker,1,group peers,group peers,1,protective distancing,dominant affiliation,0,indifferent,supportive,0,0,speaker | party attendee | online political commentator | distressed individual,group peers | news pundits | customer | religious leaders
affection_0007,affection,the look you get when your in the wrong neighborhood,speaker,photographer,0,residents pictured neighborhood,residents pictured neighborhood,1,socio_cultural dependency,socio_cultural dependency,1,fearful,angry,0,0,speaker | photographer | bystander | homeowner,residents pictured neighborhood | visitors | police officers | delivery drivers
attitude_0010,attitude,after 3 million years of evolution we still love to relax,meme creator,meme creator,1,humans,humans,1,dominant detachment,dominant detachment,1,appreciative,indifferent,0,0,meme creator | social media influencer | content curator | graphic designer,humans | ai bots | non-human animals | humanoid robots
affection_0008,affection,i'm what the new working man looks like',speaker,model,0,traditional working-man stereotype,androgynous style icon,0,multimodal incongruity,socio_cultural dependency,0,disgusted,happy,0,0,speaker | model | influencer | mannequin,traditional working-man stereotype | male beauty influencer | fashion forward model | androgynous style icon
affection_0009,affection,perks of being my friend? you'll be the normal one,speaker,speaker,1,speaker,friendship,0,figurative semantics,multimodal incongruity,0,happy,happy,1,0,speaker | skydiver | plane | pilot,speaker | friendship | promise | playful dare
attitude_0012,attitude,as much as abdul tried he could not get the fucker into first gear,speaker,meme target,0,muslim,muslim,1,dominant detachment,dominant detachment,1,contemptuous,dismissive,0,0,speaker | image subject | meme target | forum moderator,muslim | rented car | manual gearbox | broken clutch
attitude_0013,attitude,good guy police officer capturing them young,speaker,social commenter,0,constable,constable,1,dominant affiliation,dominant affiliation,1,appreciative,supportive,0,0,speaker | online satirist | social commenter | fan account,constable | security guards | fire department | park rangers
affection_0011,affection,aight girls make it look natural,speaker,photographer,0,girls,girls,1,multimodal incongruity,affective deception,0,happy,happy,1,0,speaker | photographer | camera operator | hair stylist,girls | instagram followers | photoshoot crew | camera
intent_0010,intent,what guys envision lesbian look like what lesbians really look like,speaker,speaker,1,heterosexual male gaze,beauty standards,0,expressive aggression,benevolent provocation,0,provoke,provoke,1,0,speaker | internet troll | content aggregator | news outlet,heterosexual male gaze | mainstream media portrayal | male-targeted marketing tactics | beauty standards
intent_0011,intent,"first of all, take a moment to realize who the fuck you are talking to",speaker,speaker,1,addressed interlocutor,addressed interlocutor,1,expressive aggression,expressive aggression,1,dominate,provoke,0,0,speaker | viewer | forum moderator | speechwriter,addressed interlocutor | online troll | event organizer | rival performer
intent_0012,intent,"These people find out that a spelling game is going over there, there will be nobody left at our party.",speaker,speaker,1,spelling game crowd,participants,0,expressive aggression,expressive aggression,1,mock,provoke,0,0,speaker | friend | host standing door | bartender background,spelling game crowd | friends | people around karaoke machine | participants
affection_0012,affection,oh you talk so tough from behind your keyboard tell me again what a badass you are,speaker,speaker,1,online commenter,online commenter,1,affective deception,multimodal incongruity,0,angry,happy,0,0,speaker | celebrity | actor | stranger,online commenter | content creator | forum moderator | brand representative
intent_0013,intent,when a person tells you that your meme or joke was heavily offensive. i can go lower,speaker,speaker,1,offended person,comment section,0,expressive aggression,expressive aggression,1,dominate,provoke,0,0,speaker | graphic designer | forum moderator | internet troll,offended person | platform admin | comment section | speaker
affection_0013,affection,"On the bright side, that Oxford study was right. One friend down. I wonder who you're going to lose next.",sheldon,sheldon,1,friend,friend,1,affective deception,socio_cultural dependency,0,bad,happy,0,0,sheldon | leonard | penny | howard,friend | skeptical roommate | amused neighbor | coworker
attitude_0014,attitude,hi hacker bro we are muslim brotherhood,speaker,activist,0,hacker,hacker,1,dominant affiliation,dominant affiliation,1,supportive,supportive,1,0,speaker | supporter | activist | recruiter,hacker | activist | member | militant
affection_0014,affection,they will have a surgery soon,speaker,speaker,1,abnormal person,patient's family members,0,multimodal incongruity,multimodal incongruity,1,disgusted,sad,0,0,speaker | friend | neighbor | coworker,abnormal person | medical team | surgery | patient's family members
intent_0014,intent,if this is what they call pride.. then i don't wanna see what they call shame,speaker,political commentator,0,lgbtq community,lgbtq community,1,expressive aggression,expressive aggression,1,condemn,condemn,1,0,speaker | social media troll | political commentator | religious conservative,lgbtq community | parade organizers | corporate sponsors | rainbow flag
intent_0015,intent,"jonah, relax. it's a party.",woman speaking,woman speaking,1,jonah,jonah,1,malicious manipulation,prosocial deception,0,mitigate,mitigate,1,0,woman speaking | male guest suit | event organizer | catering server,jonah | woman | man | friend
attitude_0015,attitude,overly attached muslim girlfriend i killed your other 4 wives so you have more time to beat me,partner,niqab wearer,0,male partner,male partner,1,dominant affiliation,protective distancing,0,hostile,concerned,0,0,partner | niqab wearer | veiled woman | arab woman,male partner | male abuser | father | male relative
affection_0015,affection,the clitoris has around around 8000 nerve endings but still isn't as sensitive as a white male liberal on the internet,speaker,meme,0,white male liberals,white male liberals,1,socio_cultural dependency,multimodal incongruity,0,bad,angry,0,0,speaker | advertisement | meme | blog post,white male liberals | political satire accounts | middle-aged men reddit | young women instagram
intent_0016,intent,we've been at peace with japan since 1945 time to make peace with islam,speaker,political commentator,0,muslims,muslims,1,malicious manipulation,expressive aggression,0,alienate,provoke,0,0,speaker | social media marketer | political commentator | nationalist activist,muslims | nuclear weapons | japanese people | foreign governments
affection_0016,affection,me: puts bag of popcorn into the microwave everyone at the senior center :,senior center residents,senior center residents,1,bag popcorn,bag popcorn,1,figurative semantics,socio_cultural dependency,0,fearful,happy,0,0,senior center residents | coworker | visiting family members | activity program volunteers,bag popcorn | loud smoke detector | space heater | candles
intent_0017,intent,has she been acting weird?,concerned caller,concerned caller,1,listener,friend,0,benevolent provocation,benevolent provocation,1,provoke,provoke,1,0,concerned caller | party guest | event host | eavesdropping onlooker,listener | passerby | coworker | friend
intent_0018,intent,"""one man's trash is another man's treasure"" is an awesome phrase... ...but it's apparently a horrible way to tell your kids they're adopted """,speaker,speaker,1,adopted children,adopted children,1,expressive aggression,prosocial deception,0,mitigate,mitigate,1,0,speaker | comedian | teacher | friend,adopted children | neighbor kids | internet followers | birthday guests
attitude_0016,attitude,49 people were killed at christ church 49 people were killed at christ church mosques muslim muslim,speaker,journalist,0,muslims,muslims,1,dominant detachment,dominant affiliation,0,contemptuous,neutral,0,0,speaker | forum moderator | journalist | advertising copywriter,muslims | arabs | immigrants | refugees
intent_0019,intent,the enemy within linda sarsour ocasio-cortez ilhan omar rashida tlaib the enemy has infiltrated congress,meme creator,political troll,0,politicians,politicians,1,expressive aggression,expressive aggression,1,intimidate,intimidate,1,0,meme creator | political troll | right-wing influencer | anonymous user,politicians | muslim politicians | named communist leaders | named foreign agents
attitude_0018,attitude,will you tell the cat bullying is not okay,dog,owner,0,cat,cat,1,submissive alignment,protective distancing,0,disapproving,concerned,0,0,dog | owner | vet | child,cat | owner | vet | neighbor
attitude_0019,attitude,"look, mateo never got a work permit.",amy sosa,amy sosa,1,mateo,mateo,1,dominant detachment,dominant affiliation,0,concerned,neutral,0,0,amy sosa | helen mcgowan | sosa | rachel torres,mateo | work-permit status | isabel | sofia
affection_0018,affection,seems like u have a case of being a lil bitch i'm prescribing you a heavy dose of man the fuck up,speaker,medical provider,0,person addressed,person addressed,1,multimodal incongruity,figurative semantics,0,happy,angry,0,0,speaker | medical provider | clinic receptionist | family caregiver,person addressed | attending medical provider | meme's creator | commenter posted reply
affection_0019,affection,check them all! go!,dina,dina,1,coworker,coworker,1,figurative semantics,socio_cultural dependency,0,angry,happy,0,0,dina | gabe | amy | cheyenne,coworker | manager | customer | hr representative
attitude_0020,attitude,this is how ignorant people will see rashida tlaib,speaker,speaker,1,uninformed viewers,uninformed viewers,1,dominant detachment,dominant detachment,1,contemptuous,dismissive,0,0,speaker | billboard designer | campaign staffer | journalist,uninformed viewers | palestinian militant | progressive commentator | ilhan omar
attitude_0021,attitude,"socialists want to disarm us and make us use trains no thanks, i've seen where that leads, i'll keep my car",speaker,speaker,1,socialists,socialists,1,dominant detachment,dominant detachment,1,contemptuous,dismissive,0,0,speaker | motorist | driver | commuter,socialists | liberals | politicians | activists
attitude_0022,attitude,2 years of trump in office: 37 indictments. 8 years of obama in office: 0 indictments,speaker,speaker,1,donald trump,donald trump,1,dominant detachment,dominant affiliation,0,dismissive,supportive,0,0,speaker | platform content moderator | late-night tv comedy show | casual news consumer,donald trump | barack obama | republican party | legal system
intent_0020,intent,4th of july when white people celebrate killing each other over land that wasnt theirs,speaker,event organizer,0,white people,nationalist rally attendees,0,expressive aggression,expressive aggression,1,condemn,provoke,0,0,speaker | graphic designer | event organizer | policy analyst,white people | nationalist rally attendees | commemorating founding events | u s military veterans
intent_0021,intent,*violently hitting your favorite punching bag* the other $20 crack whore,speaker,speaker,1,insulted person,punching bag,0,expressive aggression,expressive aggression,1,mock,provoke,0,0,speaker | marketing copywriter | partner | tabloid columnist,insulted person | punching bag | online troll | secret admirer
attitude_0023,attitude,why don't we set some ground rules,jonah,jonah,1,team,team,1,dominant affiliation,dominant affiliation,1,disapproving,supportive,0,0,jonah | amy | maya | sandra,team | external vendors | local community members | store customers
affection_0020,affection,i may be blind but at least i'm not dead,speaker,speaker,1,alive,gallows humor,0,multimodal incongruity,multimodal incongruity,1,happy,happy,1,0,speaker | musician | photographer | fan,alive | gallows humor | self deprecation | dark humor
attitude_0024,attitude,you can see black lives matter,speaker,photographer,0,black lives matter movement,black lives matter movement,1,dominant detachment,dominant detachment,1,dismissive,indifferent,0,0,speaker | photographer | farmer | protester,black lives matter movement | cotton farming industry | rural agricultural worker groups | plantation era racial legacy
intent_0022,intent,"I guess he wants to do a little dance, you know, make a little love. Well pretty much get down to that.",speaker,speaker,1,rose,himself,0,expressive aggression,benevolent provocation,0,dominate,provoke,0,0,speaker | stand-up comedian | friend | woman,rose | girl | himself | man
attitude_0025,attitude,Yes yes it is! In Prison!!,speaker,comedian,0,joey,joey,1,dominant detachment,protective distancing,0,contemptuous,neutral,0,0,speaker | other man | comedian | viewer,joey | prank | money | friendship
intent_0023,intent,iran is going to attack us even if we have to do it ourselves,speaker,national security advisor,0,iranian government,iranian government,1,expressive aggression,expressive aggression,1,provoke,intimidate,0,0,speaker | national security advisor | defense department official | military intelligence officer,iranian government | russia | iraq | syria
intent_0024,intent,"when you get arrested and the cop says ""you have the right to remain silent"" but you're happy because finally you have a right",speaker,political satirist,0,muslim policy towards women,muslim policy towards women,1,expressive aggression,benevolent provocation,0,condemn,provoke,0,0,speaker | online troll | political satirist | religion critic,muslim policy towards women | police miranda rights policy | civil liberties | activism
affection_0021,affection,let's reduce drunk driving by taking cars away from sober drivers makes as much sense as gun control,speaker,woman,0,gun control,alcohol regulation,0,multimodal incongruity,socio_cultural dependency,0,angry,angry,1,0,speaker | driver | woman | campaigner,gun control | traffic laws | road safety | alcohol regulation
affection_0022,affection,So how'd it go?,ross,ross,1,situation,situation,1,socio_cultural dependency,socio_cultural dependency,1,fearful,sad,0,0,ross | embarrassed | guilty | sad,situation | event | time happened | number people
affection_0023,affection,i was going to paint my bathroom door but my girlfriend was dead against it,painter,painter,1,partner,partner,1,figurative semantics,multimodal incongruity,0,bad,sad,0,0,painter | man | friend | roommate,partner | roommate | friend | neighbor
affection_0024,affection,it all depends on how you treat her,woman,woman,1,partner,partner,1,multimodal incongruity,multimodal incongruity,1,bad,happy,0,0,woman | man | stranger | friend,partner | attacker | bystander | neighbor
attitude_0026,attitude,when you found out your wife is cheating on you,partner,partner,1,arab men,white western men,0,dominant detachment,dominant detachment,1,contemptuous,indifferent,0,0,partner | male friend | satirical commentator | bar patron,arab men | south asian men | white western men | latino men
intent_0026,intent,"amy might have abandoned us a little, but we're fine!",glenn,manager,0,team,team,1,prosocial deception,benevolent provocation,0,mitigate,provoke,0,0,glenn | mateo | manager | corporate representative,team | manager | corporate office | store customers
affection_0025,affection,show me your bare naked ankles you dirty whore,speaker,speaker,1,listener,listener,1,multimodal incongruity,multimodal incongruity,1,bad,happy,0,0,speaker | cat | photographer | moderator,listener | owner | pet | bystander
affection_0026,affection,"a girl asks her mom, ""why am i black and you're white?"" she says, ""the way that party went, you're lucky you don't bark. """,speaker,photographer,0,black people,parents,0,multimodal incongruity,socio_cultural dependency,0,disgusted,sad,0,0,speaker | photographer | commenter | friend,black people | parents | child's behavior | home's condition
affection_0027,affection,where's my water?,speaker,charity,0,poor african children,poor african children,1,multimodal incongruity,multimodal incongruity,1,sad,sad,1,0,speaker | advertiser | activist | charity,poor african children | water utility technicians | coworker | visiting tourist groups
affection_0028,affection,when you dress up for dinner at your girlfriend's house parent's house,speaker,speaker,1,dress dinner,meet girlfriend's parents,0,socio_cultural dependency,socio_cultural dependency,1,happy,happy,1,0,speaker | photographer | model | viewer,dress dinner | meet girlfriend's parents | make good impression | eat dinner parents
intent_0027,intent,jonah was the ringleader.,speaker,speaker,1,jonah,jonah,1,malicious manipulation,benevolent provocation,0,condemn,provoke,0,0,speaker | coworker | security guard | manager,jonah | sandra | officer | customer
intent_0028,intent,cleaned up my friends list before it was cool,account owner,trendsetter,0,removed friends,removed friends,1,expressive aggression,benevolent provocation,0,mock,provoke,0,0,account owner | trendsetter | memer | braggart,removed friends | follower count | old photos | notification feed
attitude_0027,attitude,doesn't own a computer can still play minesweeper,speaker,photographer,0,african kids,african kids,1,dominant detachment,submissive alignment,0,indifferent,supportive,0,0,speaker | commenter | photographer | bystander,african kids | village elders | local farmers | street vendors
attitude_0028,attitude,had secret door before it was cool,speaker,nostalgia blogger,0,trend followers,early adopters,0,dominant affiliation,protective distancing,0,dismissive,appreciative,0,0,speaker | nostalgia blogger | internet historian | hipster commenter,trend followers | early adopters | casual browsers | subculture members
intent_0029,intent,"glenn and i, we're top dogs in this doghouse.",marcus,store owner,0,manager,manager,1,expressive aggression,benevolent provocation,0,dominate,provoke,0,0,marcus | glenn | store owner | corporate representative,manager | owner | corporate | ceo
attitude_0029,attitude,men be like im finally ready to settle down,speaker,male influencer,0,men,young adults,0,dominant detachment,dominant detachment,1,dismissive,indifferent,0,0,speaker | male influencer | troll account | satire writer,men | viewer | young adults | couples
affection_0029,affection,"Well, if that's all it takes, it's a good thing you don't have a dog.",speaker,speaker,1,listener,listener,1,multimodal incongruity,multimodal incongruity,1,angry,happy,0,0,speaker | blonde | brunette | passerby,listener | table | dog | mailbox
affection_0031,affection,when you've finished with your life of crime,former criminal,former criminal,1,life crime,public reputation repair,0,figurative semantics,multimodal incongruity,0,bad,sad,0,0,former criminal | wannabe gangster | parole officer | retired detective,life crime | future retirement plan | new job prospects | public reputation repair
attitude_0030,attitude,"well, i mean, you almost made me kill your cat.",carol,carol,1,coworker,coworker,1,dominant detachment,dominant detachment,1,contemptuous,indifferent,0,0,carol | coworker | manager | hr,coworker | cat owner present | manager | customer
affection_0032,affection,when your grandma sees you for the first time in a whole week he's so fucking big. me#irl,speaker,grandchild,0,grandma's reaction,grandma's reaction,1,socio_cultural dependency,affective deception,0,bad,sad,0,0,speaker | model | grandchild | viewer,grandma's reaction | parents | listener | conversation topic
attitude_0031,attitude,"ah, too much clothing for this horndog.",coworker,coworker,1,coworker,customer,0,dominant detachment,dominant detachment,1,contemptuous,indifferent,0,0,coworker | woman monitor | customer | male customer,coworker | man plaid shirt | woman dark hair | customer
affection_0033,affection,meanwhile at the isis strip club,speaker,shepherd,0,isis fighters,sheep farmers,0,figurative semantics,multimodal incongruity,0,disgusted,happy,0,0,speaker | photographer | shepherd | spectator,isis fighters | club patrons | sheep farmers | local men
intent_0031,intent,the best part about a prostitute dying on you is you get the second hour free,speaker,social media moderator,0,sex workers,sex workers,1,expressive aggression,prosocial deception,0,mock,mitigate,0,0,speaker | social media moderator | graphic designer | manager,sex workers | night workers | entertainment workers | coworker
intent_0032,intent,"wait, you made all that money today?",speaker,speaker,1,coworker,coworker,1,prosocial deception,benevolent provocation,0,mitigate,provoke,0,0,speaker | manager | lunchroom patron | cafeteria attendant,coworker | man holding phone | woman applying makeup | woman writing notes
affection_0034,affection,why are we walking? your mom woke up mad son,father,father,1,stereotype,child,0,socio_cultural dependency,multimodal incongruity,0,happy,happy,1,0,father | uncle | grandfather | babysitter,stereotype | child | parents | friends
intent_0033,intent,when i grow up... lol nevermind,speaker,speaker,1,viewer,viewer,1,prosocial deception,benevolent provocation,0,mitigate,provoke,0,0,speaker | child | lurker | student,viewer | family members | content creators | peer group
affection_0035,affection,how you gotta treat girls with smart mouths,speaker,speaker,1,girls smart mouths,women wearing professional attire,0,figurative semantics,socio_cultural dependency,0,fearful,bad,0,0,speaker | presenter | manager | coworker,girls smart mouths | female coworkers marketing | young female office workers | women wearing professional attire
affection_0036,affection,japanese citizen watches as nuke drops on the 9th of august 1945 (colorized),japanese citizen,child,0,nuclear explosion,nuclear explosion,1,socio_cultural dependency,socio_cultural dependency,1,bad,sad,0,0,japanese citizen | child | survivor | refugee,nuclear explosion | allied soldiers | relief workers | american pilots
intent_0034,intent,"feeling cute might eat hay later, idk",speaker,goat,0,child,barn animals,0,prosocial deception,benevolent provocation,0,mock,provoke,0,0,speaker | goat | forum moderator | manager,child | barn animals | feed algorithm | farm owner
intent_0035,intent,alabama: bans abortions all of alabama in 5 years,speaker,speaker,1,alabama policymakers,alabama policymakers,1,expressive aggression,expressive aggression,1,condemn,provoke,0,0,speaker | content moderator | podcast host | news editor,alabama policymakers | prolife activists | religious leaders | media outlets
affection_0037,affection,"no, you guys don't have to come with me.",courtney,courtney,1,other employees,other employees,1,affective deception,socio_cultural dependency,0,sad,bad,0,0,courtney | daniel | maya | alex,other employees | store customers | other shoppers | passing patrons
attitude_0032,attitude,smell that? thats why we have to use condoms,male partner,male friend,0,women,female friend,0,dominant detachment,protective distancing,0,contemptuous,concerned,0,0,male partner | male friend | male roommate | male coworker,women | female friend | sex worker | female coworker
affection_0038,affection,"we should just send justine home, right?",mateo,simon,0,justine,justine,1,socio_cultural dependency,socio_cultural dependency,1,disgusted,angry,0,0,mateo | darren | rafael | simon,justine | amy | carla | maya
attitude_0033,attitude,rabbits jump and they live for 8 years dogs walk and they live for 15 years. turtles do nothing and they live for 150 years. lesson learned,speaker,speaker,1,general viewers,general viewers,1,dominant affiliation,protective distancing,0,neutral,neutral,1,0,speaker | influencer | satirist | humorist,general viewers | animal lovers | pet owners | nature enthusiasts
attitude_0034,attitude,they ride us till we drop and then immediately sell our ass meat.,coworker,coworker,1,person,person,1,dominant detachment,protective distancing,0,disapproving,indifferent,0,0,coworker | passerby | outside vendor | customer,person | general public | customer | third-party contractors
attitude_0035,attitude,i don't know how to deal with black people but i guess i'll take a shot at it,speaker,speaker,1,black people,black people,1,dominant detachment,dominant detachment,1,hostile,indifferent,0,0,speaker | officer | bystander | reporter,black people | police officers | white people | suspected criminals
attitude_0036,attitude,the proper way to pop a blackhead,speaker,beauty influencer,0,people pop blackheads,skincare enthusiasts,0,dominant affiliation,dominant detachment,0,neutral,skeptical,0,0,speaker | beauty influencer | aesthetician | dermatologist,people pop blackheads | skincare enthusiasts | people acne | beauty vloggers
intent_0036,intent,"""hi. i'm the electrician. i'm here to remove your shorts, and check your box.""",electrician,electrician,1,homeowner,homeowner,1,malicious manipulation,benevolent provocation,0,dominate,provoke,0,0,electrician | meter reader | deliveryman | cable technician,homeowner | meter | package | router
affection_0039,affection,the cat slipped and fell into the toilet i was pushed!!,cat,cat,1,dog,dog,1,socio_cultural dependency,socio_cultural dependency,1,angry,sad,0,0,cat | ferret | raccoon | rabbit,dog | fox | conversation topic | wolf
intent_0037,intent,"men wearing dresses and molesting our children? the word you're looking for is clergy, not transgender",speaker,conservative commentator,0,anti-trans proponents,child,0,expressive aggression,expressive aggression,1,mock,intimidate,0,0,speaker | social media influencer | conservative commentator | political activist,anti-trans proponents | religious leaders | child | conservative voters
affection_0040,affection,the look on his face when he discovers the blood from ahmed raping his virgin daughter,man,man,1,ahmed,ahmed,1,multimodal incongruity,socio_cultural dependency,0,bad,angry,0,0,man | neighbor | policeman | teacher,ahmed | perpetrator | suspect | bystander
intent_0038,intent,"""do you like your juice cold?"" ""no, i like my jews well done""",speaker,speaker,1,jews,immigrants,0,expressive aggression,prosocial deception,0,mock,mitigate,0,0,speaker | historical figure | forum moderator | bystander,jews | nazis | germans | immigrants
affection_0041,affection,today we're making vegetable soup! the most disturbing thing i've seen all day... -flyboy,speaker,friend,0,vegetable soup,vegetable soup,1,figurative semantics,socio_cultural dependency,0,bad,happy,0,0,speaker | cook | child | friend,vegetable soup | pasta preparation | salad preparation | baking bread
intent_0039,intent,he was big and black my ass had no choice,speaker,anonymous stranger,0,viewer,viewer,1,expressive aggression,malicious manipulation,0,provoke,intimidate,0,0,speaker | ex lover | anonymous stranger | tabloid journalist,viewer | partner | ex | men
intent_0040,intent,but you are gonna be fine.,coworker,customer,0,man lying,man lying,1,prosocial deception,prosocial deception,1,mitigate,mitigate,1,0,coworker | on-duty paramedic | uniformed security guard | customer,man lying | firefighters | customer | police officer
intent_0041,intent,when it's 1942 and you're jewish dj khaled suffering from ss,speaker,speaker,1,jewish people,viewer,0,expressive aggression,prosocial deception,0,mock,provoke,0,0,speaker | online community moderator | political commentator | social media bot,jewish people | dj khaled | nazi soldiers | viewer
attitude_0037,attitude,volkswagen cars produce more gaz than expected ach!! thats my car,speaker,enthusiast,0,volkswagen cars,volkswagen cars,1,dominant detachment,dominant detachment,1,supportive,disapproving,0,0,speaker | owner | driver | enthusiast,volkswagen cars | diesel cars | german cars | audi cars
attitude_0038,attitude,sorry white guys but i only date black guys,speaker,speaker,1,black guys,white guys,0,dominant detachment,submissive alignment,0,hostile,neutral,0,0,speaker | online troll | site administrator | forum moderator,black guys | white guys | black women | latino men
affection_0042,affection,little white person please leave before my ancestors tell me to kick you off this mountain,mountain guardian,mountain guardian,1,unwelcome visitor,unwelcome visitor,1,multimodal incongruity,socio_cultural dependency,0,happy,angry,0,0,mountain guardian | photographer | mother | hiker,unwelcome visitor | adult woman smiling | female hiker smiling | outdoor photographer smiling
intent_0042,intent,hurry up barack will be home soon,speaker,speaker,1,barack obama,barack obama,1,expressive aggression,benevolent provocation,0,mock,provoke,0,0,speaker | political troll | satire account | news aggregator,barack obama | dominant silverback male | photo's original photographer | viewer
attitude_0039,attitude,What a baby.,speaker,speaker,1,other person,child,0,dominant affiliation,dominant affiliation,1,dismissive,supportive,0,0,speaker | friend | bystander | host,other person | child | dog | roommate
intent_0043,intent,"""i'm arresting you for the crimes you will commit in the future""",police officer,police officer,1,young boy,young boy,1,benevolent provocation,malicious manipulation,0,dominate,intimidate,0,0,police officer | park ranger | school principal | manager,young boy | hiker wearing backpack | teacher texting phone | customer
attitude_0040,attitude,ain't no allah back girl,speaker,speaker,1,muslim women,religious organization,0,dominant detachment,protective distancing,0,contemptuous,dismissive,0,0,speaker | comment moderator | platform algorithm | news editor,muslim women | women | religious organization | secular women
intent_0044,intent,is it a boy or a girl? it's a bomb,speaker,speaker,1,gender reveal,gender reveal,1,expressive aggression,expressive aggression,1,mock,provoke,0,0,speaker | internet troll | online manager | humor columnist,gender reveal | baby shower traditions | social media trends | influencer marketing culture
affection_0043,affection,do not forget the people who helped build our nation,speaker,historian,0,enslaved people,immigrant workers,0,socio_cultural dependency,socio_cultural dependency,1,angry,sad,0,0,speaker | statue | protester | historian,enslaved people | founding fathers | colonial settlers | immigrant workers
attitude_0041,attitude,how to fix a noisy dishwasher,repair technician,repair technician,1,homeowner,homeowner,1,dominant detachment,dominant detachment,1,hostile,indifferent,0,0,repair technician | manager | forum moderator | advertising agency,homeowner | man image | male aggressor figure | kitchen appliance unit
affection_0044,affection,so new rule: talking about our feelings is now encouraged.,employees,employees,1,new rule,new rule,1,multimodal incongruity,multimodal incongruity,1,bad,angry,0,0,employees | customers | contractors | visitors,new rule | product recall | sales pitch | purchase order
affection_0045,affection,when you're still a week away from pay day and your car breaks down on you,speaker,speaker,1,car breaking,car breaking,1,figurative semantics,multimodal incongruity,0,angry,sad,0,0,speaker | motorist | commuter | mechanic,car breaking | public transit strike | traffic jam | missed train
affection_0046,affection,"i know you like her son, but you can't just pull a girls hair... until she's 30 or so. they actually come around on this one",father,father,1,son,son,1,multimodal incongruity,multimodal incongruity,1,disgusted,sad,0,0,father | uncle | neighbor | mentor,son | nephew | friend | student
attitude_0042,attitude,notice the difference talk show host vietnam war hero,meme creator,meme creator,1,awarding talk show host,vietnam war hero,0,dominant detachment,dominant affiliation,0,disapproving,supportive,0,0,meme creator | political satirist | internet troll | online commenter,awarding talk show host | recipients | vietnam war hero | obama
attitude_0043,attitude,i did nazi that bird fly by did you?,speaker,speaker,1,listener,listener,1,dominant detachment,dominant detachment,1,contemptuous,indifferent,0,0,speaker | troll account | satire account | political activist,listener | historical photograph | political satire | wwii memorabilia
attitude_0044,attitude,"i can do it for $15,000, but that's final.",worker,worker,1,manager,customer,0,submissive alignment,dominant affiliation,0,disapproving,supportive,0,0,worker | passerby | customer | onlooker,manager | customer | delivery person | passerby
attitude_0045,attitude,yes donald. that sounds good i once built a wall too,speaker,speaker,1,donald,putin,0,dominant detachment,dominant detachment,1,hostile,indifferent,0,0,speaker | internet troll | bot account | political satirist,donald | hitler | putin | biden
intent_0045,intent,if some dude walks into the ladies bathroom while one of my girls is in there i will quickly identify as a mma fighter,speaker,street activist,0,transgender women,male predators,0,expressive aggression,expressive aggression,1,alienate,intimidate,0,0,speaker | bystander | bar bouncer | street activist,transgender women | cisgender men | male predators | feminists
intent_0046,intent,i can just take off.,standing man,male manager,0,coworker,cashier register,0,malicious manipulation,prosocial deception,0,intimidate,mitigate,0,0,standing man | male manager | male customer | uniformed security guard,coworker | cashier register | manager | loss prevention officer
attitude_0046,attitude,a typical white man,speaker,news reporter,0,white men,middle-aged men,0,dominant affiliation,dominant affiliation,1,neutral,supportive,0,0,speaker | social influencer | news reporter | forum moderator,white men | middle-aged men | male executives | suburban fathers
affection_0047,affection,I am so confused as to what we have been doing so far.,chandler,speaker,0,group's activity,group's activity,1,multimodal incongruity,socio_cultural dependency,0,happy,sad,0,0,chandler | woman | speaker | man,group's activity | other men | technical issue | weather outside
intent_0047,intent,3 years ago american class american trash,meme creator,political activist,0,politician,national leadership,0,expressive aggression,expressive aggression,1,provoke,provoke,1,0,meme creator | internet troll | political activist | campaign staffer,politician | presidential family | national leadership | internet user
affection_0048,affection,hurry up and join us for play,speaker,teacher,0,school nativity play,school nativity play,1,multimodal incongruity,multimodal incongruity,1,disgusted,sad,0,0,speaker | megaphone | teacher | announcer,school nativity play | cardboard camel puppet | wooden manger prop | gold foil crown
attitude_0047,attitude,"um, and jonah and justine, you get to help out tomorrow when the rest of the shipment comes in.",manager,manager,1,jonah justine,jonah justine,1,dominant affiliation,dominant affiliation,1,indifferent,supportive,0,0,manager | female coworker | coworker | meeting attendee,jonah justine | glenn amy | dina mateo | ethan brett
intent_0048,intent,this is my ex looking for someone better than me,speaker,speaker,1,ex-partner,ex-partner,1,expressive aggression,benevolent provocation,0,denounce,provoke,0,0,speaker | memer | photographer | bystander,ex-partner | mirror reflection | skeleton model | past self
intent_0049,intent,to award the golden vest...,glen,manager,0,employees,employees,1,malicious manipulation,prosocial deception,0,dominate,mitigate,0,0,glen | manager | cashier | carlos,employees | customers | conversation topic | products
affection_0049,affection,"Oh, we don't need to talk about that anymore. Leonard covered it pretty well in the car.",penny,penny,1,leonard,leonard,1,figurative semantics,multimodal incongruity,0,angry,angry,1,0,penny | leonard hofstadter | friend | waiter,leonard | apology | secret | plan
intent_0050,intent,oh sweetie it's a little late for that new york is it though?,speaker,speaker,1,person mocked,person mocked,1,expressive aggression,prosocial deception,0,mock,mock,1,0,speaker | internet troll | anonymous commenter | satirical journalist,person mocked | wooden clothes hanger | meme caption text | laughing woman portrait
attitude_0048,attitude,"Look I never should have kissed your girlfriend, but I'm",caller,caller,1,partner,automated voicemail system,0,protective distancing,dominant affiliation,0,concerned,supportive,0,0,caller | passerby | shop clerk | speaker,partner | automated voicemail system | voicemail system | neighbors
attitude_0049,attitude,"they're in a relationship, who makes the sandwiches?",speaker,curious observer,0,female couple,opposite sex couple,0,dominant affiliation,submissive alignment,0,contemptuous,supportive,0,0,speaker | forum moderator | curious observer | event attendee,female couple | platonic female friends | two female roommates | opposite sex couple
attitude_0050,attitude,this is your third strike this month.,mariko,customer,0,coworker,coworker,1,dominant detachment,dominant detachment,1,disapproving,indifferent,0,0,mariko | customer | male customer | female customer,coworker | customer | passerby | male customer
intent_0051,intent,how in the hell did we go from this.. to being afraid of offending muslims?!,speaker,community organizer,0,muslims,muslims,1,expressive aggression,expressive aggression,1,alienate,provoke,0,0,speaker | print newspaper columnist | television commentator | community organizer,muslims | terrorists | arabs | immigrants
attitude_0051,attitude,"the jussie smollett case explained. ""how do you plead? "" ""innocent!!!"" ""black, gay, trump hater, friend of michelle obama",speaker,speaker,1,defendant,defendant,1,dominant detachment,dominant affiliation,0,dismissive,indifferent,0,0,speaker | internet troll | opinion blogger | viral content curator,defendant | celebrity actor | public figure | tv personality
intent_0052,intent,when you are excited that a muslim has made it into american politics so the next phase of the caliphate can begin and destroy western civilization but you realize it is a woman,speaker,provocative stand-up comedian,0,muslims,muslims,1,expressive aggression,malicious manipulation,0,mock,mock,1,0,speaker | satirical news site editor | provocative stand-up comedian | news anchor,muslims | immigrants | progressive politicians | foreign diplomats
intent_0053,intent,when you come home from a long day of suicide bombinb and your wife gives you this look,speaker,political extremist,0,viewer,female partner,0,expressive aggression,malicious manipulation,0,intimidate,dominate,0,0,speaker | internet troll | political extremist | domestic abuser,viewer | online followers | young men | female partner
intent_0054,intent,tap and say amen! if jesus has blessed you today,speaker,religious leader,0,online reader,prayer group members,0,malicious manipulation,benevolent provocation,0,condemn,provoke,0,0,speaker | celebrity guest | religious leader | event organizer,online reader | prayer group members | family friends | viewer
attitude_0052,attitude,when a cop gets his first gun,speaker,speaker,1,police officers,police officers,1,dominant detachment,dominant detachment,1,dismissive,indifferent,0,0,speaker | forum moderator | reviewer | reader,police officers | bailiff | military personnel | gun owners
attitude_0053,attitude,the only white man that i trust..  for about 15 seconds,speaker,speaker,1,white men,white men,1,dominant affiliation,dominant detachment,0,contemptuous,skeptical,0,0,speaker | event organizer | platform moderator | editor-in-chief,white men | white women | young men | male celebrities
attitude_0054,attitude,hope and change i built that,meme creator,speaker,0,political figure,political establishment,0,dominant detachment,dominant affiliation,0,contemptuous,supportive,0,0,meme creator | speaker | female coworker | campaign staffer,political figure | law enforcement | administration | political establishment
attitude_0055,attitude,"take one whack, all right?",woman pink hat,woman pink hat,1,woman green coat,woman green coat,1,dominant affiliation,dominant affiliation,1,indifferent,supportive,0,0,woman pink hat | man blue shirt | woman green coat | female coworker,woman green coat | woman pink hat | conversation topic | current situation
intent_0055,intent,they are not escaping to find a better life they are invading us to destroy ours,speaker,communications director,0,migrants,migrants,1,malicious manipulation,expressive aggression,0,intimidate,provoke,0,0,speaker | political commentator | communications director | extremist group,migrants | terrorists | criminals | tourists
intent_0056,intent,i don't know how to deal with black people but i guess i'll take a shot at it,police officer,police officer,1,black people,black people,1,expressive aggression,malicious manipulation,0,mock,intimidate,0,0,police officer | security guard | border agent | corrections officer,black people | homeless people | young adults | immigrant families
intent_0057,intent,designed for maximum concentration,product designer,racist comedy troupe,0,user,muslims immigrants,0,expressive aggression,expressive aggression,1,provoke,mock,0,0,product designer | racist comedy troupe | hate propaganda site | paramilitary training unit,user | muslims immigrants | immigrants refugees | asians latinos
attitude_0056,attitude,engagement party is not a maid of honor duty.,speaker,speaker,1,bridesmaid,policy,0,dominant detachment,dominant affiliation,0,disapproving,supportive,0,0,speaker | coworker | silent woman | male coworker,bridesmaid | manager | policy | speaker
affection_0050,affection,don't blame me fuel was expensive,masked person,female customer,0,fuel prices,fuel prices,1,multimodal incongruity,socio_cultural dependency,0,angry,angry,1,0,masked person | bank teller | female customer | security guard,fuel prices | medical bills | utility bills | loan payments
attitude_0057,attitude,perfect girls don't exi-,speaker,speaker,1,girl,model,0,submissive alignment,dominant detachment,0,appreciative,dismissive,0,0,speaker | online admirer | social media trend follower | social media moderator,girl | partner | model | ideal woman
affection_0051,affection,ahmed? im pregnant!!!,speaker,speaker,1,arab,arab,1,multimodal incongruity,socio_cultural dependency,0,disgusted,happy,0,0,speaker | goat | arab | bystander,arab | conversation topic | current situation | goat
intent_0058,intent,when you type fidget spinner but it autocorrects to midget spinner,speaker,casual texter,0,people dwarfism,mobile phone users,0,expressive aggression,prosocial deception,0,alienate,provoke,0,0,speaker | internet troll | social influencer | casual texter,people dwarfism | fidget spinner owners | mobile phone users | angry internet commenters
affection_0052,affection,"oh, no, no, no, no. i don't mean,  he's not the dad,  like i was having an affair",pregnant woman,pregnant woman,1,accusation,medical condition,0,affective deception,figurative semantics,0,fearful,sad,0,0,pregnant woman | nurse | male | physician,accusation | due date | medical condition | prenatal care plan
attitude_0058,attitude,happy birthday keep it classy...no wine from a box,message sender,message sender,1,birthday person,birthday person,1,dominant affiliation,dominant affiliation,1,dismissive,supportive,0,0,message sender | party organizer | family member | message recipient,birthday person | birthday guest | party host | gift giver
attitude_0059,attitude,how to pick up jewish chicks,speaker,pickup artist,0,jewish women,jewish women,1,dominant detachment,protective distancing,0,contemptuous,dismissive,0,0,speaker | pickup artist | dating coach | event attendee,jewish women | israeli women | jewish men | hebrew speakers
intent_0059,intent,the rosenbergs were executed 1953 for selling nuclear secrets to russia the clintons actually sold nuclear material for development of weaponsto russia,speaker,conspiracy theorist,0,clintons,clintons,1,malicious manipulation,benevolent provocation,0,dominate,provoke,0,0,speaker | conspiracy theorist | political activist | social media influencer,clintons | republican political organization | former presidential campaign organization | political advocacy foundation
affection_0053,affection,"no, i'm not gonna admit that",woman blue,customer,0,man addresses,delivery person break,0,multimodal incongruity,multimodal incongruity,1,happy,angry,0,0,woman blue | customer | security guard | delivery driver,man addresses | man wearing vest | coworker | delivery person break
attitude_0060,attitude,a head diaper is required when you have shit for brains,speaker,online commenter,0,person wearing headscarf,woman holding microphone,0,dominant detachment,dominant affiliation,0,contemptuous,supportive,0,0,speaker | social troll | online commenter | internet user,person wearing headscarf | woman short hair | person visible tattoos | woman holding microphone
affection_0054,affection,smile even in the worst of times,person image,lifelike doll seated desk,0,dire situation,nostalgic portrait childhood innocence,0,affective deception,affective deception,1,sad,sad,1,0,person image | waxwork display museum | mannequin used exhibit | lifelike doll seated desk,dire situation | museum display historical education | commemorative tribute figure | nostalgic portrait childhood innocence
intent_0060,intent,"look, mom! it's a faggot!",child,child,1,gay person,gay person,1,expressive aggression,expressive aggression,1,alienate,provoke,0,0,child | intern | neighbor | friend,gay person | theater actor | circus clown | school bully
affection_0055,affection,immigrants illegal aliens,speaker,photograph,0,unfairness,stigmatization,0,socio_cultural dependency,socio_cultural dependency,1,angry,sad,0,0,speaker | photograph | meme | propaganda,unfairness | xenophobia | dehumanization | stigmatization
affection_0056,affection,"listen up, ladies, father of a daughter talking.",group employees,group employees,1,gleen,garrett,0,multimodal incongruity,socio_cultural dependency,0,bad,angry,0,0,group employees | store leadership team | corporate board members | safety committee members,gleen | garrett | earl | timothy
affection_0057,affection,drive very cautiously on this road of life because folks will turn on you with no signal,speaker,photographer,0,betrayal,metaphor warning,0,figurative semantics,multimodal incongruity,0,sad,sad,1,0,speaker | photographer | grandfather | model,betrayal | avoiding risks life | sadness loneliness | metaphor warning
attitude_0061,attitude,so new rule: talking about our feelings is now encouraged.,coworker,coworker,1,dina,dina,1,dominant affiliation,dominant affiliation,1,skeptical,neutral,0,0,coworker | clients | vendor representatives | visiting auditors,dina | jordan | liam | emma
affection_0058,affection,our corona tests came back negative.,speakers,speakers,1,negative covid results,negative covid results,1,affective deception,multimodal incongruity,0,fearful,happy,0,0,speakers | cashier | technician | customer,negative covid results | boarding pass | bank transaction receipts | driver's license photos
intent_0061,intent,i love <user> for their customer 1st approach to safety & ease of movement ! boxes on both sides of exit-impeding pillar !,customer,customer,1,coworker,other shoppers,0,expressive aggression,prosocial deception,0,mitigate,mitigate,1,0,customer | irate passerby | coworker | observant bystander,coworker | other shoppers | delivery driver | independent product reviewer
intent_0062,intent,a transgendered 4 year old is like a vegan cat we all know who is making their lifestyle choices,speaker,satire account,0,transgender children,transgender children,1,expressive aggression,malicious manipulation,0,alienate,mock,0,0,speaker | internet troll | right-wing influencer | satire account,transgender children | vegans animal rights activists | cat owners pet enthusiasts | conservative adults
attitude_0062,attitude,"i had a little broblem at school today, but i solved it. -oh, and here's your gun back",student,student,1,person owned gun,person owned gun,1,dominant detachment,dominant detachment,1,dismissive,concerned,0,0,student | school counselor | bystander | bully,person owned gun | parent | school janitor | local police officer
intent_0063,intent,islamic windchimes,speaker,satirist,0,muslims,muslims,1,expressive aggression,expressive aggression,1,alienate,mock,0,0,speaker | satirist | conspiracy theorist | political activist,muslims | immigrants | terrorists | refugees
affection_0059,affection,wanted : '' fled from the kitchen '',speaker,speaker,1,traditional gender views,traditional gender views,1,multimodal incongruity,multimodal incongruity,1,disgusted,sad,0,0,speaker | advertiser | model | opinion columnist,traditional gender views | online trolling behavior | political satire theme | social media trend
intent_0064,intent,hello mengele i think one of your experiments has escaped,speaker,speaker,1,online target,online target,1,expressive aggression,prosocial deception,0,mock,mitigate,0,0,speaker | troll | bot | satirist,online target | parody account | anonymous user | rival streamer
attitude_0063,attitude,so i was sucking on her t*ts then the husband walks in and i just sk*t myself,speaker,speaker,1,partner,partner,1,submissive alignment,dominant affiliation,0,dismissive,supportive,0,0,speaker | lover | cheater | participant,partner | father | coworker | roommate
intent_0066,intent,when the mueller report indicates there will be no further indictments,speaker,speaker,1,mueller supporters,investigative journalists,0,expressive aggression,benevolent provocation,0,provoke,provoke,1,0,speaker | conservative blogger | content moderator | late-night host,mueller supporters | investigative journalists | democratic campaign volunteers | news anchors
intent_0067,intent,cheering on your team in the world cup,supporting fans,supporting fans,1,opposing fans,opposing fans,1,expressive aggression,expressive aggression,1,mock,provoke,0,0,supporting fans | coworker | stadium ushers | cheerleaders,opposing fans | rival players | match officials | sports journalists
affection_0060,affection,make sure the girl sitting passenger side in your car is the same girl who'd be sitting with you at the bus stop if life turned out differently,speaker,speaker,1,partner,friend,0,socio_cultural dependency,affective deception,0,happy,happy,1,0,speaker | driver | passenger | friend,partner | friend | family member | coworker
intent_0068,intent,"do you smell that? no me neither, start cooking",speaker,speaker,1,partner,partner,1,benevolent provocation,prosocial deception,0,mock,mitigate,0,0,speaker | roommate | friend | sibling,partner | stove | food | kitchen
intent_0069,intent,"""i inherited a mess!"" - donald trump no, you inherited a fortune. we elected a mess!",speaker,speaker,1,donald trump,donald trump,1,expressive aggression,benevolent provocation,0,provoke,provoke,1,0,speaker | content moderator | stand-up comedian | opinion columnist,donald trump | joe biden | gordon ramsay | elon musk
affection_0061,affection,i'm not on board with--i didn't even know the diaper part.,sandra,sandra,1,diaper part,uniform policy announcement,0,figurative semantics,multimodal incongruity,0,fearful,angry,0,0,sandra | amy | marcus | jessica,diaper part | schedule change announcement | uniform policy announcement | break room announcement
attitude_0064,attitude,where's the interview with the police who murdered unarmed black men on video?,speaker,civil rights activist,0,police murdered black men,police murdered black men,1,dominant detachment,protective distancing,0,dismissive,skeptical,0,0,speaker | civil rights activist | local news reporter | legal defense attorney,police murdered black men | black men | activists | private security contractors
attitude_0065,attitude,hey muslims eat me!,speaker,speaker,1,muslims,minority group,0,dominant detachment,dominant affiliation,0,contemptuous,neutral,0,0,speaker | sticker | storefront window display | event program,muslims | immigrants | refugees | minority group
intent_0070,intent,when you finally headshot 150 black people,speaker,speaker,1,black people,black people,1,expressive aggression,malicious manipulation,0,provoke,denounce,0,0,speaker | online gamer | twitch streamer | forum user,black people | enemy players | video game characters | police officers
intent_0071,intent,what!? no i am not asian '' '',driver,driver,1,asian,women,0,expressive aggression,prosocial deception,0,alienate,mitigate,0,0,driver | passenger | pedestrian | bystander,asian | women | young drivers | elderly people
attitude_0066,attitude,The answer's in this puzzle box. Let's see if you can open it.,speaker,speaker,1,listener,listener,1,dominant affiliation,dominant affiliation,1,dismissive,supportive,0,0,speaker | man glasses | person yellow | passerby,listener | woman blue | man glasses | passerby
attitude_0067,attitude,so you think we should import muslims.. did your grandfather import nazis,online commenter,online commenter,1,person advocating importing muslims,person advocating importing muslims,1,dominant detachment,protective distancing,0,contemptuous,skeptical,0,0,online commenter | forum moderator | community organizer | news editor,person advocating importing muslims | international student exchange programs | humanitarian aid displaced people | person promoting religious pluralism
intent_0072,intent,half honky all donkey,speaker,online community moderator,0,obama,late-night comedian,0,expressive aggression,expressive aggression,1,alienate,provoke,0,0,speaker | online community moderator | content aggregator | brand ambassador,obama | late-night comedian | award-winning actor | technology entrepreneur
attitude_0068,attitude,i'll move her into seasonals with justine.,manager,manager,1,person,person,1,dominant affiliation,protective distancing,0,dismissive,neutral,0,0,manager | customer | store associate | justine,person | customer | conversation topic | delivery driver
intent_0073,intent,minesweeper just got real... as fuck !!,online meme creator,online meme creator,1,religious worshippers,tourist group,0,expressive aggression,prosocial deception,0,mock,mock,1,0,online meme creator | internet troll | social media influencer | comedy podcast host,religious worshippers | street protesters | press photographers | tourist group
affection_0062,affection,and that was the last nativity play my son was invited to take part in,speaker,speaker,1,son's participation nativity plays,son's participation nativity plays,1,multimodal incongruity,socio_cultural dependency,0,bad,sad,0,0,speaker | vest | mannequin | prop,son's participation nativity plays | son's deployment military | family's visit museum | son's trip airport
attitude_0069,attitude,handjobs sold seperately,speaker,online influencer,0,female-presenting humanoid robot,female-presenting humanoid robot,1,dominant detachment,protective distancing,0,contemptuous,dismissive,0,0,speaker | internet troll | online influencer | forum commenter,female-presenting humanoid robot | female-presenting sex doll | female-presenting mannequin figure | female-presenting virtual avatar
intent_0074,intent,anyone else hate how hard these spot the difference pictures are getting?,online commenter,frustrated player,0,spot difference puzzles,spot difference puzzles,1,expressive aggression,expressive aggression,1,mock,denounce,0,0,online commenter | frustrated player | casual scroller | twin sisters,spot difference puzzles | puzzle designers | image editors | photo subjects
intent_0075,intent,"democrats ilhan omar alexandria ocasio-cortez ayanna pressley rashida tlais we're new, bold, and we hate you! we hate whites, jews, christians, conservatives, republicans,",meme creator,meme creator,1,general public,general public,1,malicious manipulation,expressive aggression,0,denounce,provoke,0,0,meme creator | news outlet | opposition researcher | party official,general public | conservative voters | political leaders | swing voters
intent_0076,intent,"you 're welcome , darling !",speaker,flirtatious stranger,0,partner,partner,1,prosocial deception,prosocial deception,1,mitigate,provoke,0,0,speaker | friend | flirtatious stranger | playful roommate,partner | delivery driver | store cashier | child
affection_0063,affection,the face my parents make when i bring home a new pet hamster,parents,parents,1,new pet hamster,new pet hamster,1,figurative semantics,multimodal incongruity,0,disgusted,sad,0,0,parents | neighbors | teachers | friends,new pet hamster | adopted stray kitten | brand new puppy | rescued pet goldfish
affection_0064,affection,she can't stand that i have authority now,speaker,male customer,0,coworker,manager,0,affective deception,socio_cultural dependency,0,angry,angry,1,0,speaker | customer | male customer | female customer,coworker | manager | hr representative | customer
intent_0077,intent,over heard my daughter telling her friend she was curious what it would be like to date a black guy so ... i showed her!,parent,parent,1,daughter,daughter,1,expressive aggression,benevolent provocation,0,alienate,provoke,0,0,parent | partner | friend | neighbor,daughter | partner | friend | stranger
attitude_0070,attitude,"you're the ones who have been sitting in here, talking about me behind my back.",bea,bea,1,coworkers,coworkers,1,dominant detachment,dominant detachment,1,disapproving,indifferent,0,0,bea | glenn | passerby | customer,coworkers | store customers | external contractors | passersby
intent_0078,intent,and i'm sorry about that,woman speaking,woman speaking,1,coworker,man plaid shirt,0,prosocial deception,prosocial deception,1,mitigate,mitigate,1,0,woman speaking | manager | male coworker | customer,coworker | young man plaid | mannequin | man plaid shirt
attitude_0071,attitude,"honor killings are part of our culture well then, it will be my honor to kill you all",speaker,speaker,1,members arab culture,members arab culture,1,dominant detachment,protective distancing,0,hostile,hostile,1,0,speaker | online troll | social media influencer | political activist,members arab culture | members immigrant communities | members refugee families | religious minority
intent_0079,intent,"""do you have a moment to talk about bacon?""",speaker,comedian,0,pictured man,pictured man,1,expressive aggression,benevolent provocation,0,alienate,provoke,0,0,speaker | comedian | meme creator | photographer,pictured man | tour guide | shop owner | family elder
affection_0065,affection,that 's my new coffee mug <user>,speaker,speaker,1,phd identity,new coffee mug,0,socio_cultural dependency,socio_cultural dependency,1,sad,happy,0,0,speaker | labmate | advisor | coworker,phd identity | new coffee mug | humorous novelty item | office desk accessory
attitude_0072,attitude,well there's your problem your serpentine belt is the wrong size,repair shop clerk,car enthusiast,0,vehicle driver,vehicle driver,1,dominant detachment,dominant detachment,1,disapproving,indifferent,0,0,repair shop clerk | auto mechanic | car enthusiast | friend,vehicle driver | snake pet owner | car show attendee | engine parts seller
attitude_0073,attitude,use one to protect your watermelon farm,meme creator,meme creator,1,terrorists activities,hate crimes,0,dominant detachment,protective distancing,0,indifferent,neutral,0,0,meme creator | content moderator | political activist | bot operator,terrorists activities | organized crime activities | gang violence | hate crimes
affection_0066,affection,white boys do it better,speaker,speaker,1,white boys,white boys,1,multimodal incongruity,socio_cultural dependency,0,angry,bad,0,0,speaker | biker | photographer | model,white boys | tattooed men | motorcycle riders | local bikers
attitude_0074,attitude,"whatcha thinking about? wind speed and direction, humidity, distance, drop rate",speaker,speaker,1,arab,birdwatcher,0,dominant detachment,dominant affiliation,0,hostile,neutral,0,0,speaker | internet troll | social commentator | graphic designer,arab | wildlife photographer | birdwatcher | passerby
attitude_0075,attitude,"bo's mom calls, like, all the time.",coworker,coworker,1,mother,mother,1,protective distancing,dominant detachment,0,disapproving,indifferent,0,0,coworker | resident | neighbor | customer,mother | mail carrier | bo's teacher | coworker
intent_0080,intent,i said glass of orange not glass of apple juice,speaker,speaker,1,viewer,viewer,1,expressive aggression,expressive aggression,1,mock,provoke,0,0,speaker | cynical commentator | mocking comedian | sarcastic influencer,viewer | coworker | customer | drink ticket
attitude_0076,attitude,"muslim at the entrance: ""hello brother!"" brenton tarrant:",speaker,political activist,0,muslims,muslims,1,dominant detachment,protective distancing,0,hostile,skeptical,0,0,speaker | graphic designer | forum moderator | political activist,muslims | immigrants | refugees | middle easterners
affection_0067,affection,i took a shower this morning,speaker,photographer,0,pictured military leaders,pictured military leaders,1,socio_cultural dependency,multimodal incongruity,0,disgusted,angry,0,0,speaker | photographer | propagandist | archivist,pictured military leaders | vintage political rally | celebrity actors photographed | movie still displayed
intent_0081,intent,if your man is offended by this then he's never been hunting,speaker,speaker,1,partner,partner,1,expressive aggression,benevolent provocation,0,provoke,provoke,1,0,speaker | moderator | hunter | satirist,partner | viewer | animal activist | hunting community
attitude_0077,attitude,"go on, jump in only will kill a few its ok, let them in only will kill a few",speaker,speaker,1,unspecified others,unspecified others,1,dominant detachment,dominant affiliation,0,hostile,supportive,0,0,speaker | website administrator | system administrator | press office spokesperson,unspecified others | immigrant group | refugee families | rival faction
intent_0082,intent,after 3 million years of evolution we still love to relax,speaker,speaker,1,humans,humans,1,expressive aggression,benevolent provocation,0,provoke,provoke,1,0,speaker | graphic designer | late-night comedy writer | wildlife blogger,humans | gorillas | pools | gardens
attitude_0078,attitude,this toaster is on fire,speaker,speaker,1,person,armed male assailant,0,dominant detachment,protective distancing,0,contemptuous,concerned,0,0,speaker | manager | political commentator | viral content aggregator,person | armed male assailant | bystander filming scene | officer securing perimeter
affection_0068,affection,"I guess he wants to do a little dance, you know, make a little love. Well pretty much get down to that.",speaker,speaker,1,man,man,1,figurative semantics,figurative semantics,1,disgusted,happy,0,0,speaker | cameraman | viewer | producer,man | coworker | neighbor | acquaintance
intent_0083,intent,"i played baseball with a bunch of orphans yesterday. i won, because none of them knew where home was",speaker,speaker,1,orphans,orphans,1,expressive aggression,malicious manipulation,0,intimidate,intimidate,1,0,speaker | internet troll | forum commenter | standup comedian,orphans | tourists | students | seniors
attitude_0079,attitude,"look, corporate sent over a memo that says,  cloud 9 is excited about this exciting new chapter full of exciting possibilities.",dina,dina,1,corporate,corporate,1,dominant affiliation,dominant affiliation,1,skeptical,supportive,0,0,dina | manager | corporate hr representative | customer,corporate | promotional flyer | speaker | customer
intent_0084,intent,the loudest one in the room.. is the weakest one in the room,speaker,social media marketer,0,loud people,online influencers,0,expressive aggression,expressive aggression,1,denounce,provoke,0,0,speaker | social media marketer | digital illustrator | humor columnist,loud people | political figures | online influencers | celebrity actors
intent_0085,intent,stephen hawking reincarnated as a chair,speaker,tabloid journalist,0,physicist,charlie chaplin,0,expressive aggression,benevolent provocation,0,mock,provoke,0,0,speaker | standup comedian | political commentator | tabloid journalist,physicist | christopher reeve | elon musk | charlie chaplin
intent_0086,intent,"ah, i think we may have found the problem you appear to be a person of colour",speaker,speaker,1,person colour,person colour,1,expressive aggression,benevolent provocation,0,alienate,provoke,0,0,speaker | online troll | friend | advertising agency,person colour | woman yellow | man orange | laughing white man
intent_0087,intent,shit... the dishwasher is broken again!,household member,household member,1,other household members,broken appliance,0,prosocial deception,prosocial deception,1,dominate,mitigate,0,0,household member | neighbor | house guest | property owner,other household members | dirty dishes | repair technician | broken appliance
affection_0069,affection,"fine, okay.",dave,dave,1,interaction,interaction,1,affective deception,affective deception,1,fearful,happy,0,0,dave | maya | sandra | liam,interaction | ambient music | store's opening hours | weather outside
attitude_0080,attitude,when someone asks why im such a cunt just am,speaker,speaker,1,other people,other people,1,protective distancing,dominant detachment,0,dismissive,indifferent,0,0,speaker | bystander | thread lurker | friend,other people | readers | moderators | followers
affection_0070,affection,baby making faces babymaking faces,speaker,photograph,0,sexual doble meaning,innocent baby caption,0,figurative semantics,multimodal incongruity,0,happy,happy,1,0,speaker | meme | photograph | sticker,sexual doble meaning | innocent baby caption | innocuous pun | parenting humor meme
intent_0088,intent,my ex looks so peaceful when he sleeps,speaker,speaker,1,partner,sleeping stranger,0,expressive aggression,prosocial deception,0,mock,provoke,0,0,speaker | anonymous commenter | friend | jealous admirer,partner | homeless man | drunk passerby | sleeping stranger
intent_0089,intent,or do your customers also prefer cashiers with tendinitis?,woman table,customer,0,managerial practice,customers,0,expressive aggression,benevolent provocation,0,intimidate,provoke,0,0,woman table | man | passerby | customer,managerial practice | customers | weather | security camera
intent_0090,intent,"""the master race'",pc gamer,gaming influencer,0,console gamers,console gamers,1,expressive aggression,malicious manipulation,0,dominate,provoke,0,0,pc gamer | gaming influencer | tech reviewer | benchmark tester,console gamers | mobile gamers | casual players | laptop users
attitude_0081,attitude,black people are trying to wake up,speaker,speaker,1,black people,black people,1,dominant affiliation,dominant detachment,0,dismissive,dismissive,1,0,speaker | forum moderator | policy analyst | forum member,black people | activist groups | urban communities | conservative voters
attitude_0082,attitude,"great job , <user> . "" don 't bother with education , just be pretty . "" great ad message",speaker,cosmetics model,0,benefit cosmetics advertisement,benefit cosmetics advertisement,1,dominant detachment,protective distancing,0,disapproving,skeptical,0,0,speaker | makeup artist | cosmetics model | brand ambassador,benefit cosmetics advertisement | influencer review post | magazine beauty spread | makeup tutorial video
attitude_0083,attitude,"Frankly, Mom, I'm encouraged to see how advanced your group has become-- willing to sail out into the ocean without fear of falling off the edge.",speaker,son,0,mother,mother,1,dominant affiliation,dominant affiliation,1,disapproving,supportive,0,0,speaker | son | friend | guest show,mother | book club | neighborhood group | show's guests
attitude_0084,attitude,what's left of my opponents after our rap battle,speaker,speaker,1,rap-battle opponents,rap-battle opponents,1,dominant detachment,dominant detachment,1,dismissive,indifferent,0,0,speaker | social influencer | page admin | image editor,rap-battle opponents | viewer | beat producers | stage crew
attitude_0085,attitude,you get 10 times more chicks than me? 10 times o is o,speaker,speaker,1,person addressed,person addressed,1,submissive alignment,dominant detachment,0,neutral,indifferent,0,0,speaker | post moderator | person image | bystander,person addressed | social media influencer | romantic rival | social media follower
intent_0091,intent,now that's a muscle i've not felt in a long time..,speaker,speaker,1,listener,listener,1,expressive aggression,benevolent provocation,0,mock,provoke,0,0,speaker | opponent | spectator | coach,listener | discussion thread | private messages | platform moderators
attitude_0086,attitude,i just wanted to apologize for earlier.,speaker,speaker,1,apology recipient,apology recipient,1,submissive alignment,dominant affiliation,0,supportive,supportive,1,0,speaker | woman black suit | man light blue shirt | woman clipboard blue vest,apology recipient | woman holding clipboard blue | woman black suit | woman leaning cart pamphlet
intent_0092,intent,no border walls and no voter i.d. laws... ...figure it out yet??,partisan critic,freelance journalist,0,democratic politicians,media outlets,0,prosocial deception,prosocial deception,1,condemn,mock,0,0,partisan critic | campaign strategist | freelance journalist | manager,democratic politicians | election officials | border agents | media outlets
attitude_0087,attitude,when mom asks where all the jews went,meme-poster,family member,0,jews,jews,1,dominant detachment,dominant detachment,1,hostile,indifferent,0,0,meme-poster | graphic designer | family member | history buff,jews | victims | refugees | immigrants
affection_0071,affection,educate our kids about domestic violence,children,children,1,perpetrators domestic violence,friends family,0,figurative semantics,socio_cultural dependency,0,angry,sad,0,0,children | parents | teachers | adults,perpetrators domestic violence | friends family | local law enforcement officers | mental health care providers
intent_0093,intent,a moment before threesome:-,speaker,speaker,1,men photo,pictured flock sheep,0,expressive aggression,benevolent provocation,0,alienate,provoke,0,0,speaker | market vendor | livestock trader | festival attendee,men photo | pictured flock sheep | herding dogs visible beside | livestock market stalls background
affection_0072,affection,remember behind every one of us is a police,speaker,parent,0,police,police,1,socio_cultural dependency,socio_cultural dependency,1,fearful,sad,0,0,speaker | athlete fans | soldier platoon | parent,police | event organizers | media photographers | community volunteers
attitude_0089,attitude,"- Now?! - No, after my tongue has swollen to the size of a brisket!",speaker,speaker,1,interlocutor's request,interlocutor's request,1,dominant detachment,dominant affiliation,0,disapproving,supportive,0,0,speaker | roommate | viewer | cameraman,interlocutor's request | lighting change | encouragement | friend's comment
intent_0094,intent,hello is it me you're looking for?,speaker,elegantly dressed woman posing,0,listener,photographer behind camera,0,benevolent provocation,prosocial deception,0,provoke,provoke,1,0,speaker | elegantly dressed woman posing | man walking red carpet | tourist leaning city railing,listener | long lost lover | adoring fan base | photographer behind camera
affection_0073,affection,best holiday gift for animal lovers,speaker,speaker,1,piglet gift,piglet gift,1,figurative semantics,multimodal incongruity,0,bad,happy,0,0,speaker | calendar | sticker | tshirt,piglet gift | plush toy present | framed photo print | custom ornament set
attitude_0090,attitude,psa: clean your apartments for pete's sake,speaker,tenant,0,people messy apartments,tenants complex,0,dominant detachment,submissive alignment,0,disapproving,concerned,0,0,speaker | neighbor | landlord | tenant,people messy apartments | people rent apartments | residents building | tenants complex
attitude_0091,attitude,brother... a day without a blast is a day wasted,speaker,speaker,1,arabs,refugees,0,dominant affiliation,protective distancing,0,hostile,neutral,0,0,speaker | militant leader | political leader | team leader,arabs | middle easterners | kurds | refugees
intent_0095,intent,i was banging a retarded girl and she wouldn't let me cum in her mouth so i came on the window and let nature take its course,speaker,speaker,1,woman,woman,1,expressive aggression,malicious manipulation,0,mock,denounce,0,0,speaker | government official | porn performer | photographer,woman | woman's legal guardian | caregiving professional responsible care | window glass bearing bodily
affection_0074,affection,"ah, quit your screaming i washed my paws in the toilet bowl after i used the litterbox",household cat,household cat,1,pet caretaker,pet caretaker,1,figurative semantics,socio_cultural dependency,0,bad,sad,0,0,household cat | photographer | roommate | neighbor,pet caretaker | dog | raccoon | ferret
intent_0096,intent,she must not realize she looks like the bigger idiot,speaker,speaker,1,woman photo,woman photo,1,expressive aggression,expressive aggression,1,denounce,provoke,0,0,speaker | partner | friend | user commented criticized post,woman photo | man photo | handwritten apology sign | person took photo
intent_0097,intent,911 three white kids in the park planning the next school shooting two can play that game,caller,caller,1,white kids,white kids,1,malicious manipulation,malicious manipulation,1,mock,intimidate,0,0,caller | prankster | neighbor | bystander,white kids | police officers | coworker | park visitors
affection_0075,affection,"And if it turns out you don't... - you and I could live together. - You and... Oh, sure.",man,roommate,0,woman,coworker,0,affective deception,socio_cultural dependency,0,fearful,happy,0,0,man | roommate | coworker | neighbor,woman | friend | sibling | coworker
affection_0076,affection,"Just a sec, give me a minute to wake up for this,Ah-ha-ha!!",man maroon shirt,tired apartment roommate,0,man white shirt,man worried expression,0,affective deception,socio_cultural dependency,0,angry,sad,0,0,man maroon shirt | male friend | tired apartment roommate | bachelor party guest,man white shirt | friend | man worried expression | concerned party guest
intent_0098,intent,"you're the most qualified person here, so...",woman blue coat,customer,0,coworker,customer,0,malicious manipulation,prosocial deception,0,dominate,mitigate,0,0,woman blue coat | customer | corporate executive | male customer,coworker | customer | owner | passerby
intent_0099,intent,i asked him to see things from my point of view he looked out the kitchen window,child,curious onlooker,0,father,father,1,expressive aggression,benevolent provocation,0,mitigate,provoke,0,0,child | friend | kitchen helper | curious onlooker,father | window | cook | neighbor
affection_0077,affection,"well, i'd like to think i've matured over the years.",male cashier,manager,0,female coworker,female coworker,1,figurative semantics,socio_cultural dependency,0,sad,sad,1,0,male cashier | customer | manager | passerby,female coworker | former mentor | friend | earlier mistake
affection_0078,affection,Nobody sees the king!,man jester hat,man jester hat,1,other people,other people,1,socio_cultural dependency,socio_cultural dependency,1,angry,happy,0,0,man jester hat | hotel receptionist | male friend | bystander,other people | man leather jacket | clinic patients | hotel guests
affection_0079,affection,gay friend asked for directions told him to go straight,speaker,speaker,1,friend,friend,1,figurative semantics,multimodal incongruity,0,happy,sad,0,0,speaker | hiker | tourist | guide,friend | lost tourist | fellow hiker | tour guide
attitude_0092,attitude,"No, you're right, we should do what you do. Have our mom send us pants from the Walmart in Houston.",speaker,customer,0,person addressed,person addressed,1,dominant detachment,dominant affiliation,0,contemptuous,supportive,0,0,speaker | shopping companion | friend | customer,person addressed | mother | coworker | customer
affection_0080,affection,me and the boys after killing innocent people in a bomb blast,speaker,speaker,1,arab people,local community leaders,0,multimodal incongruity,multimodal incongruity,1,disgusted,angry,0,0,speaker | public buses | market stalls | local shops,arab people | wedding guests | football team | local community leaders
affection_0081,affection,when the squad is about to get lit.,speaker,photographer,0,squad,squad,1,multimodal incongruity,socio_cultural dependency,0,disgusted,sad,0,0,speaker | photographer | commenter | moderator,squad | partygoers | actors | bystanders
intent_0100,intent,when you forget that blind people have a heightened sense of smell why is your penis out ?,speaker,office prankster,0,coworker,coworker,1,expressive aggression,malicious manipulation,0,provoke,mock,0,0,speaker | internet troll | office prankster | social media moderator,coworker | office janitor | security guard | receptionist
intent_0101,intent,it wasn't my fault my truck has tranny issue's,truck owner,truck owner,1,mechanic,mechanic,1,prosocial deception,prosocial deception,1,provoke,mitigate,0,0,truck owner | garage receptionist | insurance agent | tow driver,mechanic | insurance claims adjuster | tow truck operator | auto parts clerk
intent_0102,intent,"like anything you say, she's just gonna twist to make it sound like glenn's incompetent.",speaker,speaker,1,woman accused,woman accused,1,expressive aggression,malicious manipulation,0,denounce,mock,0,0,speaker | male customer | customer | female cashier,woman accused | male customer | manager | receptionist phone
affection_0082,affection,"they want to be accepted for who they are, yet theren't able to accept themselves for who they are",people described,people described,1,inability accept themselves,inability accept themselves,1,figurative semantics,multimodal incongruity,0,sad,sad,1,0,people described | online community | friend | family members,inability accept themselves | desire external validation | fear judged | wish fit
attitude_0093,attitude,you know your country is multicultural when there's armed patrols on the streets belgium germany france england,online commentator,concerned citizen,0,street patrol presence,policing belgium germany france,0,dominant detachment,protective distancing,0,contemptuous,concerned,0,0,online commentator | concerned citizen | political activist | news reporter,street patrol presence | security belgium germany france | policing belgium germany france | immigration belgium germany france
attitude_0094,attitude,the evolution of man,meme creator,satire blogger,0,woman photo,news media television anchor,0,dominant detachment,dominant detachment,1,contemptuous,skeptical,0,0,meme creator | internet troll | satire blogger | political commentator,woman photo | television talk show host | female civil rights activist | news media television anchor
intent_0103,intent,im not racist because racism is a crime and crime is for black people,speaker,online commenter,0,black people,black people,1,expressive aggression,expressive aggression,1,alienate,provoke,0,0,speaker | man photo | online commenter | social media moderator,black people | convicted felons | immigrant workers | online trolls
intent_0104,intent,"just banged a girl that stutters finished before she could say ""no""",speaker,perpetrator,0,victim,victim,1,expressive aggression,malicious manipulation,0,mock,intimidate,0,0,speaker | perpetrator | reader | advertiser,victim | poster's personal ego | social media platform | law enforcement officers
intent_0105,intent,once you go black so does your eye,meme creator,meme creator,1,abuse victim,black community,0,expressive aggression,malicious manipulation,0,alienate,mock,0,0,meme creator | meme consumer | stand-up comedian | tabloid editor,abuse victim | black community | crime witnesses | viewer
intent_0106,intent,"oh, addiction isn't a disease because it started with a choice?? tell me more about how the chlamydia in your crotch isn't a disease, yet it started with a choice",speaker,speaker,1,addiction denier,addiction,0,expressive aggression,prosocial deception,0,mock,mitigate,0,0,speaker | outraged commenter | content aggregator | health advocate,addiction denier | addiction | policymaker | online commenter
attitude_0095,attitude,introducing honky kong,speaker,speaker,1,white people,online users,0,dominant detachment,dominant affiliation,0,contemptuous,neutral,0,0,speaker | participant | moderator | advertiser,white people | black people | american adults | online users
attitude_0096,attitude,when you so savage you roast a whole race,speaker,speaker,1,men picture,speaker,0,dominant affiliation,protective distancing,0,appreciative,disapproving,0,0,speaker | content moderator | advertising copywriter | podcast host,men picture | stand comedian | viral internet personality | speaker
intent_0107,intent,That's so funny because you look more like Joey Tribbiani man slash woman.,speaker,speaker,1,friend,friend,1,expressive aggression,benevolent provocation,0,mock,provoke,0,0,speaker | unrelated passerby | nearby barista | cafe bartender,friend | man holding folded newspaper | woman holding coffee cup | waitress
attitude_0097,attitude,"all muslims are a danger to americans! ban them all! except the rich ones who spend tens of millions at my hotels and condos, of course!",speaker,business executive,0,trump,trump,1,submissive alignment,protective distancing,0,disapproving,skeptical,0,0,speaker | business executive | television host | campaign adviser,trump | biden | obama | putin
intent_0108,intent,what if i told you common core was purposely designed to be confusing and frustrating so parents will look ignorant and children will get confused and feel stupid because uneducated kids who've been programmed to depend on the state for answers make much better conformist debt slaves in the future,speaker,conspiracy theorist,0,public,public,1,benevolent provocation,malicious manipulation,0,condemn,denounce,0,0,speaker | parent | school student | conspiracy theorist,public | parents | students | government
intent_0109,intent,"it's gonna be hard to leave this place, huh?",coworker,coworker,1,manager,manager,1,benevolent provocation,benevolent provocation,1,mitigate,provoke,0,0,coworker | passerby | customer | local resident,manager | store security | courier | store peer
attitude_0098,attitude,you don't have to keep pretending to be an employee.,man holding crate,man holding crate,1,coworker,coworker,1,dominant detachment,dominant detachment,1,sympathetic,indifferent,0,0,man holding crate | coworker | female coworker | young stockroom worker back,coworker | actual employees sales floor | regular customers store | delivery drivers dropping crates
intent_0110,intent,send him to... meowschwitz,speaker,speaker,1,referenced person,referenced person,1,expressive aggression,benevolent provocation,0,intimidate,provoke,0,0,speaker | cat owner | forum moderator | content moderator,referenced person | poster's cat | forum moderator | historical site
affection_0083,affection,when you're caught staring at a goat and your wife gives you that face,partner,partner,1,arab people,rural locals,0,socio_cultural dependency,socio_cultural dependency,1,disgusted,sad,0,0,partner | neighbor | coworker | barista,arab people | goat herders | country folk | rural locals
attitude_0099,attitude,indians evolution after 15august1947,speaker,speaker,1,indians,indians,1,dominant detachment,protective distancing,0,contemptuous,neutral,0,0,speaker | internet troll | social commentator | political satirist,indians | primates | hindus | nationalists
intent_0111,intent,when you don't know who to call the police or the rspca,speaker,online troll,0,follow rules,man,0,expressive aggression,malicious manipulation,0,mock,intimidate,0,0,speaker | online troll | image editor | graphic designer,follow rules | man | battered pack | bigfoot
affection_0084,affection,when your mom is mopping the floor and tells you to pick up your feet,young child,young child,1,mother,mother,1,figurative semantics,socio_cultural dependency,0,happy,angry,0,0,young child | gymnast | athlete | performer,mother | coach | housekeeper | teacher
intent_0112,intent,you've gone power mad.,coworker,coworker,1,glenn,glenn,1,expressive aggression,expressive aggression,1,condemn,intimidate,0,0,coworker | customer | security guard | union representative,glenn | marcus | karen | eddie
intent_0113,intent,"when i see people who post ""punch a nazi"" in person im a nazi, i hate niggers, gregg are you gonna punch me???",speaker,speaker,1,gregg,gregg,1,malicious manipulation,expressive aggression,0,intimidate,provoke,0,0,speaker | journalist covering discussion | forum administrator | online follower,gregg | political opponent | random bystander | community moderator
intent_0114,intent,"""i yelled catch ! i swear i thought she was ready """,speaker,speaker,1,partner,partner,1,malicious manipulation,expressive aggression,0,dominate,provoke,0,0,speaker | parent | sports coach | bystander witness,partner | coworker | television actor | random stranger
attitude_0101,attitude,how cops subdue whites blacks see the night and day responses,speaker,social commentator,0,police handling civilians,police handling civilians,1,dominant detachment,protective distancing,0,contemptuous,concerned,0,0,speaker | internet troll | social commentator | news reporter,police handling civilians | private security | military personnel | correctional officers
affection_0085,affection,72 virgins are ready to get fucked up,speaker,speaker,1,muslim,goats,0,socio_cultural dependency,socio_cultural dependency,1,disgusted,angry,0,0,speaker | goats | farm animals | manager,muslim | electronic tablet | goats | men
intent_0115,intent,i'm awesome on the piano but i suck on the organ,speaker,musician,0,viewer,fellow musicians,0,malicious manipulation,benevolent provocation,0,dominate,provoke,0,0,speaker | musician | advertiser | lurker,viewer | platform moderators | fellow musicians | ambient music
